/notes/university/2nd-Year/COMP22712-Microcontrollers/index.{html} /notes/university/2nd-Year/COMP22712-Microcontrollers/
/notes/books/Books/index.{html} /notes/books/Books/
/notes/books/How-To-Make-Friends-With-The-Dark/index.{html} /notes/books/How-To-Make-Friends-With-The-Dark/
/notes/books/Something-Dark-and-Holy/index.{html} /notes/books/Something-Dark-and-Holy/
/notes/books/The-Prophet/index.{html} /notes/books/The-Prophet/
/notes/life/Consequences/index.{html} /notes/life/Consequences/
/notes/recipes/Recipes/index.{html} /notes/recipes/Recipes/
/notes/university/2nd-Year/2nd-Year/index.{html} /notes/university/2nd-Year/2nd-Year/
/notes/university/3rd-Year/3rd-Year-Project/index.{html} /notes/university/3rd-Year/3rd-Year-Project/
/index.html /
/notes/books/Before-The-Coffee-Gets-Cold/index.{html} /notes/books/Before-The-Coffee-Gets-Cold/
/notes/life/Disappointment/index.{html} /notes/life/Disappointment/
/notes/life/So-I-Deleted-Social-Media/index.{html} /notes/life/So-I-Deleted-Social-Media/
/notes/recipes/Pancakes/index.{html} /notes/recipes/Pancakes/
/notes/university/2nd-Year/COMP27112-Introduction-to-Visual-Computing/index.{html} /notes/university/2nd-Year/COMP27112-Introduction-to-Visual-Computing/
/notes/books/Dune/index.{html} /notes/books/Dune/
/notes/life/Honesty/index.{html} /notes/life/Honesty/
/notes/life/Scared/index.{html} /notes/life/Scared/
/notes/university/3rd-Year/Choosing-modules/index.{html} /notes/university/3rd-Year/Choosing-modules/
/notes/university/2nd-Year/COMP25212-System-Architecture/index.{html} /notes/university/2nd-Year/COMP25212-System-Architecture/
/notes/university/2nd-Year/COMP26020-Programming-Languages-and-Paradigms/index.{html} /notes/university/2nd-Year/COMP26020-Programming-Languages-and-Paradigms/
/notes/Attributions/index.{html} /notes/Attributions/
/notes/books/The-Exhibitionist/index.{html} /notes/books/The-Exhibitionist/
/notes/books/Three-Dark-Crowns/index.{html} /notes/books/Three-Dark-Crowns/
/notes/life/Life/index.{html} /notes/life/Life/
/notes/university/3rd-Year/3rd-Year/index.{html} /notes/university/3rd-Year/3rd-Year/
/notes/university/University/index.{html} /notes/university/University/
